Plant_ID,Date,Temperature,Humidity,TDS Value (ppm),pH Level,Growth Days
1,8/3/2023,33.4,53,582,6.4,1
1,8/4/2023,33.5,53,451,6.1,2
1,8/5/2023,33.4,59,678,6.4,3
1,8/6/2023,33.4,68,420,6.4,4
1,8/7/2023,33.4,74,637,6.5,5
1,8/8/2023,32.3,77,478,6.8,6
1,8/9/2023,32.3,75,682,6,7
1,8/10/2023,22.7,63,576,6.3,8
1,8/11/2023,31.9,69,662,6.1,9
1,8/12/2023,30.2,59,607,6.2,10
1,8/13/2023,30.1,77,670,6.5,11
1,8/14/2023,30.1,54,535,6.4,12
1,8/15/2023,30.1,78,480,6,13
1,8/16/2023,29.8,56,688,6.4,14
1,8/17/2023,29.6,62,653,6.6,15
1,8/18/2023,30.9,70,742,6.1,16
1,8/19/2023,30.8,57,580,6.2,17
1,8/20/2023,30.9,78,789,6.5,18
1,8/21/2023,30.2,63,516,6,19
1,8/22/2023,30.5,51,527,6.4,20
1,8/23/2023,30.8,57,669,6.2,21
1,8/24/2023,31.3,73,645,6.6,22
1,8/25/2023,31.4,52,744,6.8,23
1,8/26/2023,31.4,61,719,6.4,24
1,8/27/2023,30.1,77,589,6.7,25
1,8/28/2023,29.4,71,654,6.4,26
1,8/29/2023,28.7,64,451,6.4,27
1,8/30/2023,29.1,51,623,6.6,28
1,8/31/2023,29.2,55,680,6.7,29
1,9/1/2023,31.7,50,601,6.4,30
1,9/2/2023,31.7,52,603,6.7,31
1,9/3/2023,31.7,76,762,6.7,32
1,9/4/2023,31.7,55,517,6,33
1,9/5/2023,32,55,743,6.6,34
1,9/6/2023,32.1,76,709,6,35
1,9/7/2023,31.5,68,416,6.2,36
1,9/8/2023,29.8,68,577,6.3,37
1,9/9/2023,20.1,61,621,6.5,38
1,9/10/2023,31.1,64,478,6,39
1,9/11/2023,31.2,79,672,6.3,40
1,9/12/2023,31.2,62,576,6.7,41
1,9/13/2023,30.4,57,726,6.1,42
1,9/14/2023,29.1,75,636,6.8,43
1,9/15/2023,30.6,55,688,6.6,44
1,9/16/2023,31.5,68,637,6.2,45
2,8/3/2023,33.4,74,586,6.1,1
2,8/4/2023,33.5,65,433,6.8,2
2,8/5/2023,33.4,55,749,6.7,3
2,8/6/2023,33.4,68,680,6.8,4
2,8/7/2023,33.4,50,488,6.4,5
2,8/8/2023,32.3,78,697,6.3,6
2,8/9/2023,32.3,77,624,6.6,7
2,8/10/2023,22.7,57,593,6.5,8
2,8/11/2023,31.9,73,564,6.1,9
2,8/12/2023,30.2,65,416,6.6,10
2,8/13/2023,30.1,71,664,6.4,11
2,8/14/2023,30.1,65,746,6.8,12
2,8/15/2023,30.1,75,646,6.3,13
2,8/16/2023,29.8,58,413,6.5,14
2,8/17/2023,29.6,50,487,6.7,15
2,8/18/2023,30.9,79,564,6.2,16
2,8/19/2023,30.8,56,430,6.5,17
2,8/20/2023,30.9,71,527,6.2,18
2,8/21/2023,30.2,51,704,6.3,19
2,8/22/2023,30.5,62,732,6.3,20
2,8/23/2023,30.8,69,420,6.5,21
2,8/24/2023,31.3,54,608,6.3,22
2,8/25/2023,31.4,58,687,6.3,23
2,8/26/2023,31.4,64,529,6.2,24
2,8/27/2023,30.1,78,427,6.3,25
2,8/28/2023,29.4,57,780,6.4,26
2,8/29/2023,28.7,57,508,6.2,27
2,8/30/2023,29.1,58,603,6.6,28
2,8/31/2023,29.2,56,581,6.7,29
2,9/1/2023,31.7,56,622,6.4,30
2,9/2/2023,31.7,73,598,6.5,31
2,9/3/2023,31.7,57,597,6.2,32
2,9/4/2023,31.7,61,498,6,33
2,9/5/2023,32,63,569,6.4,34
2,9/6/2023,32.1,75,697,6.3,35
2,9/7/2023,31.5,77,627,6.6,36
2,9/8/2023,29.8,61,537,6.6,37
2,9/9/2023,20.1,63,785,6.3,38
2,9/10/2023,31.1,70,428,6.7,39
2,9/11/2023,31.2,56,797,6.8,40
2,9/12/2023,31.2,66,657,6.8,41
2,9/13/2023,30.4,75,473,6.6,42
2,9/14/2023,29.1,72,689,6.3,43
2,9/15/2023,30.6,52,681,6.3,44
2,9/16/2023,31.5,79,719,6.7,45
3,8/3/2023,33.4,51,667,6.2,1
3,8/4/2023,33.5,63,632,6.1,2
3,8/5/2023,33.4,65,636,6.7,3
3,8/6/2023,33.4,62,525,6.6,4
3,8/7/2023,33.4,65,735,6,5
3,8/8/2023,32.3,80,794,6.4,6
3,8/9/2023,32.3,80,691,6.2,7
3,8/10/2023,22.7,65,783,6.6,8
3,8/11/2023,31.9,62,531,6.7,9
3,8/12/2023,30.2,69,473,6.4,10
3,8/13/2023,30.1,55,745,6.1,11
3,8/14/2023,30.1,80,569,6.3,12
3,8/15/2023,30.1,63,743,6.3,13
3,8/16/2023,29.8,69,566,6.1,14
3,8/17/2023,29.6,53,671,6.6,15
3,8/18/2023,30.9,58,643,6.4,16
3,8/19/2023,30.8,67,682,6.6,17
3,8/20/2023,30.9,79,467,6.3,18
3,8/21/2023,30.2,58,714,6.7,19
3,8/22/2023,30.5,80,726,6.6,20
3,8/23/2023,30.8,79,780,6.1,21
3,8/24/2023,31.3,55,545,6.4,22
3,8/25/2023,31.4,74,630,6.6,23
3,8/26/2023,31.4,53,491,6.4,24
3,8/27/2023,30.1,80,661,6.7,25
3,8/28/2023,29.4,75,535,6.1,26
3,8/29/2023,28.7,73,629,6.6,27
3,8/30/2023,29.1,73,738,6.6,28
3,8/31/2023,29.2,69,758,6.2,29
3,9/1/2023,31.7,76,799,6.3,30
3,9/2/2023,31.7,75,577,6.2,31
3,9/3/2023,31.7,69,439,6.3,32
3,9/4/2023,31.7,50,516,6.5,33
3,9/5/2023,32,72,741,6.8,34
3,9/6/2023,32.1,72,492,6,35
3,9/7/2023,31.5,75,762,6.2,36
3,9/8/2023,29.8,78,525,6,37
3,9/9/2023,20.1,80,428,6.5,38
3,9/10/2023,31.1,79,794,6.3,39
3,9/11/2023,31.2,73,460,6.7,40
3,9/12/2023,31.2,69,403,6.6,41
3,9/13/2023,30.4,54,480,6.7,42
3,9/14/2023,29.1,73,747,6.1,43
3,9/15/2023,30.6,58,479,6.7,44
3,9/16/2023,31.5,73,691,6.7,45
3,9/17/2023,30.5,75,517,6.4,46
3,9/18/2023,29.7,72,549,6.6,47
4,8/3/2023,33.4,62,547,6.7,1
4,8/4/2023,33.5,54,609,6.7,2
4,8/5/2023,33.4,60,794,6.3,3
4,8/6/2023,33.4,58,562,6,4
4,8/7/2023,33.4,57,726,6.1,5
4,8/8/2023,32.3,59,442,6.7,6
4,8/9/2023,32.3,65,598,6.4,7
4,8/10/2023,22.7,57,549,6.5,8
4,8/11/2023,31.9,69,785,6.7,9
4,8/12/2023,30.2,66,762,6.3,10
4,8/13/2023,30.1,70,419,6.1,11
4,8/14/2023,30.1,64,525,6.2,12
4,8/15/2023,30.1,66,608,6.7,13
4,8/16/2023,29.8,52,458,6.3,14
4,8/17/2023,29.6,59,571,6,15
4,8/18/2023,30.9,57,747,6.7,16
4,8/19/2023,30.8,77,518,6.7,17
4,8/20/2023,30.9,66,490,6.3,18
4,8/21/2023,30.2,71,502,6.7,19
4,8/22/2023,30.5,58,631,6.1,20
4,8/23/2023,30.8,58,735,6.4,21
4,8/24/2023,31.3,73,418,6.7,22
4,8/25/2023,31.4,63,740,6.1,23
4,8/26/2023,31.4,53,402,6.7,24
4,8/27/2023,30.1,66,652,6.6,25
4,8/28/2023,29.4,56,437,6.7,26
4,8/29/2023,28.7,73,558,6.5,27
4,8/30/2023,29.1,71,525,6.6,28
4,8/31/2023,29.2,63,604,6.5,29
4,9/1/2023,31.7,68,787,6.6,30
4,9/2/2023,31.7,71,711,6.8,31
4,9/3/2023,31.7,69,546,6.3,32
4,9/4/2023,31.7,71,485,6.2,33
4,9/5/2023,32,71,497,6.7,34
4,9/6/2023,32.1,51,577,6.1,35
4,9/7/2023,31.5,60,647,6.5,36
4,9/8/2023,29.8,78,564,6.2,37
4,9/9/2023,20.1,51,530,6.2,38
4,9/10/2023,31.1,63,543,6.3,39
4,9/11/2023,31.2,50,491,6.2,40
4,9/12/2023,31.2,72,729,6.6,41
4,9/13/2023,30.4,64,698,6.1,42
4,9/14/2023,29.1,62,530,6.8,43
4,9/15/2023,30.6,58,764,6.4,44
4,9/16/2023,31.5,63,654,6.7,45
4,9/17/2023,31.3,71,652,6.8,46
4,9/18/2023,30.8,63,754,6.1,47
4,9/19/2023,30.6,62,641,6.2,48
5,8/3/2023,33.4,67,651,6.3,1
5,8/4/2023,33.5,53,684,6.6,2
5,8/5/2023,33.4,54,449,6.1,3
5,8/6/2023,33.4,76,572,6.6,4
5,8/7/2023,33.4,67,571,6.7,5
5,8/8/2023,32.3,50,481,6.5,6
5,8/9/2023,32.3,74,558,6.7,7
5,8/10/2023,22.7,59,652,6.5,8
5,8/11/2023,31.9,54,637,6.7,9
5,8/12/2023,30.2,77,417,6.8,10
5,8/13/2023,30.1,79,429,6.2,11
5,8/14/2023,30.1,63,500,6.5,12
5,8/15/2023,30.1,75,675,6.8,13
5,8/16/2023,29.8,78,624,6.3,14
5,8/17/2023,29.6,65,525,6.3,15
5,8/18/2023,30.9,78,778,6,16
5,8/19/2023,30.8,68,678,6.1,17
5,8/20/2023,30.9,57,502,6.7,18
5,8/21/2023,30.2,67,766,6.1,19
5,8/22/2023,30.5,78,722,6.2,20
5,8/23/2023,30.8,61,460,6.2,21
5,8/24/2023,31.3,57,587,6.5,22
5,8/25/2023,31.4,53,646,6.2,23
5,8/26/2023,31.4,55,749,6.7,24
5,8/27/2023,30.1,52,468,6.7,25
5,8/28/2023,29.4,67,470,6.4,26
5,8/29/2023,28.7,58,565,6.5,27
5,8/30/2023,29.1,75,516,6.5,28
5,8/31/2023,29.2,54,410,6.6,29
5,9/1/2023,31.7,66,763,6.1,30
5,9/2/2023,31.7,56,413,6.4,31
5,9/3/2023,31.7,67,468,6.2,32
5,9/4/2023,31.7,66,422,6.5,33
5,9/5/2023,32,66,661,6.2,34
5,9/6/2023,32.1,72,605,6.2,35
5,9/7/2023,31.5,70,768,6.8,36
5,9/8/2023,29.8,65,645,6.3,37
5,9/9/2023,20.1,54,661,6.3,38
5,9/10/2023,31.1,76,573,6.4,39
5,9/11/2023,31.2,52,471,6.7,40
5,9/12/2023,31.2,72,738,6.2,41
5,9/13/2023,30.4,60,529,6.1,42
5,9/14/2023,29.1,58,576,6.2,43
5,9/15/2023,30.6,77,453,6.1,44
5,9/16/2023,31.5,80,483,6.5,45
6,8/3/2023,33.4,66,795,6.1,1
6,8/4/2023,33.5,77,738,6.5,2
6,8/5/2023,33.4,66,662,6.4,3
6,8/6/2023,33.4,56,653,6.3,4
6,8/7/2023,33.4,62,521,6.7,5
6,8/8/2023,32.3,65,482,6.7,6
6,8/9/2023,32.3,60,620,6.6,7
6,8/10/2023,22.7,74,740,6.6,8
6,8/11/2023,31.9,73,760,6.3,9
6,8/12/2023,30.2,71,485,6.4,10
6,8/13/2023,30.1,59,648,6.1,11
6,8/14/2023,30.1,64,490,6.6,12
6,8/15/2023,30.1,74,425,6.1,13
6,8/16/2023,29.8,78,755,6.8,14
6,8/17/2023,29.6,50,437,6.6,15
6,8/18/2023,30.9,59,666,6.4,16
6,8/19/2023,30.8,58,583,6.6,17
6,8/20/2023,30.9,56,568,6.2,18
6,8/21/2023,30.2,73,662,6.2,19
6,8/22/2023,30.5,63,553,6.5,20
6,8/23/2023,30.8,54,474,6.7,21
6,8/24/2023,31.3,51,596,6.5,22
6,8/25/2023,31.4,73,614,6.7,23
6,8/26/2023,31.4,52,500,6.2,24
6,8/27/2023,30.1,51,474,6.2,25
6,8/28/2023,29.4,76,515,6.5,26
6,8/29/2023,28.7,65,693,6,27
6,8/30/2023,29.1,68,782,6.2,28
6,8/31/2023,29.2,59,626,6.6,29
6,9/1/2023,31.7,77,512,6.5,30
6,9/2/2023,31.7,77,742,6.5,31
6,9/3/2023,31.7,53,757,6.5,32
6,9/4/2023,31.7,77,456,6.8,33
6,9/5/2023,32,64,642,6.4,34
6,9/6/2023,32.1,61,517,6.7,35
6,9/7/2023,31.5,56,701,6,36
6,9/8/2023,29.8,74,793,6.7,37
6,9/9/2023,20.1,55,490,6.5,38
6,9/10/2023,31.1,71,555,6.2,39
6,9/11/2023,31.2,56,549,6.5,40
6,9/12/2023,31.2,57,793,6.4,41
6,9/13/2023,30.4,68,491,6.6,42
6,9/14/2023,29.1,68,789,6.2,43
6,9/15/2023,30.6,61,741,6.3,44
6,9/16/2023,31.5,71,591,6.4,45
7,8/3/2023,33.4,74,459,6.5,1
7,8/4/2023,33.5,78,598,6.3,2
7,8/5/2023,33.4,51,507,6.1,3
7,8/6/2023,33.4,58,583,6.1,4
7,8/7/2023,33.4,75,555,6.2,5
7,8/8/2023,32.3,61,684,6.7,6
7,8/9/2023,32.3,64,769,6.1,7
7,8/10/2023,22.7,70,566,6,8
7,8/11/2023,31.9,68,763,6.5,9
7,8/12/2023,30.2,80,782,6.5,10
7,8/13/2023,30.1,68,432,6.4,11
7,8/14/2023,30.1,56,676,6.8,12
7,8/15/2023,30.1,52,780,6.5,13
7,8/16/2023,29.8,53,778,6.1,14
7,8/17/2023,29.6,58,491,6.6,15
7,8/18/2023,30.9,72,536,6.8,16
7,8/19/2023,30.8,60,701,6.3,17
7,8/20/2023,30.9,77,730,6.4,18
7,8/21/2023,30.2,51,619,6.3,19
7,8/22/2023,30.5,71,503,6.2,20
7,8/23/2023,30.8,58,503,6.2,21
7,8/24/2023,31.3,57,552,6.1,22
7,8/25/2023,31.4,77,617,6.5,23
7,8/26/2023,31.4,61,640,6.6,24
7,8/27/2023,30.1,55,600,6.5,25
7,8/28/2023,29.4,79,670,6.7,26
7,8/29/2023,28.7,63,541,6,27
7,8/30/2023,29.1,62,498,6.5,28
7,8/31/2023,29.2,80,426,6.6,29
7,9/1/2023,31.7,52,583,6.5,30
7,9/2/2023,31.7,67,696,6.7,31
7,9/3/2023,31.7,71,781,6.6,32
7,9/4/2023,31.7,79,436,6.7,33
7,9/5/2023,32,78,466,6.6,34
7,9/6/2023,32.1,76,472,6.5,35
7,9/7/2023,31.5,54,749,6.8,36
7,9/8/2023,29.8,54,645,6.4,37
7,9/9/2023,20.1,63,555,6.2,38
7,9/10/2023,31.1,53,545,6.2,39
7,9/11/2023,31.2,53,800,6.7,40
7,9/12/2023,31.2,52,468,6.7,41
7,9/13/2023,30.4,52,777,6.6,42
7,9/14/2023,29.1,60,459,6.6,43
7,9/15/2023,30.6,69,787,6,44
7,9/16/2023,31.5,72,508,6.3,45
7,9/17/2023,29.1,62,696,6.5,46
7,9/18/2023,30.5,58,600,6.2,47
8,8/3/2023,33.4,76,650,6,1
8,8/4/2023,33.5,77,457,6.3,2
8,8/5/2023,33.4,72,454,6.7,3
8,8/6/2023,33.4,71,673,6.4,4
8,8/7/2023,33.4,78,700,6,5
8,8/8/2023,32.3,63,588,6.7,6
8,8/9/2023,32.3,59,434,6.4,7
8,8/10/2023,22.7,60,708,6.6,8
8,8/11/2023,31.9,64,699,6.6,9
8,8/12/2023,30.2,55,403,6.6,10
8,8/13/2023,30.1,77,606,6.3,11
8,8/14/2023,30.1,57,763,6.3,12
8,8/15/2023,30.1,59,727,6.2,13
8,8/16/2023,29.8,51,649,6.4,14
8,8/17/2023,29.6,74,586,6.5,15
8,8/18/2023,30.9,70,415,6.6,16
8,8/19/2023,30.8,62,422,6.4,17
8,8/20/2023,30.9,76,781,6.5,18
8,8/21/2023,30.2,79,742,6.7,19
8,8/22/2023,30.5,53,715,6.1,20
8,8/23/2023,30.8,59,411,6,21
8,8/24/2023,31.3,67,553,6.1,22
8,8/25/2023,31.4,73,565,6.2,23
8,8/26/2023,31.4,79,619,6.3,24
8,8/27/2023,30.1,68,542,6.7,25
8,8/28/2023,29.4,54,559,6.2,26
8,8/29/2023,28.7,78,779,6.5,27
8,8/30/2023,29.1,72,630,6.4,28
8,8/31/2023,29.2,55,483,6.4,29
8,9/1/2023,31.7,61,775,6.6,30
8,9/2/2023,31.7,54,458,6.6,31
8,9/3/2023,31.7,76,438,6.5,32
8,9/4/2023,31.7,63,538,6.4,33
8,9/5/2023,32,75,697,6.7,34
8,9/6/2023,32.1,50,605,6.4,35
8,9/7/2023,31.5,75,555,6.6,36
8,9/8/2023,29.8,75,484,6.2,37
8,9/9/2023,20.1,69,763,6.8,38
8,9/10/2023,31.1,75,698,6.7,39
8,9/11/2023,31.2,76,720,6.5,40
8,9/12/2023,31.2,51,768,6.1,41
8,9/13/2023,30.4,78,472,6.2,42
8,9/14/2023,29.1,51,458,6.2,43
8,9/15/2023,30.6,50,632,6.2,44
8,9/16/2023,31.5,65,546,6.2,45
9,8/3/2023,33.4,72,693,6.4,1
9,8/4/2023,33.5,80,434,6,2
9,8/5/2023,33.4,70,671,6.3,3
9,8/6/2023,33.4,64,613,6.1,4
9,8/7/2023,33.4,79,731,6.3,5
9,8/8/2023,32.3,70,658,6.3,6
9,8/9/2023,32.3,62,538,6.6,7
9,8/10/2023,22.7,72,455,6.2,8
9,8/11/2023,31.9,62,646,6.7,9
9,8/12/2023,30.2,74,563,6.8,10
9,8/13/2023,30.1,80,791,6.4,11
9,8/14/2023,30.1,72,473,6.6,12
9,8/15/2023,30.1,52,602,6.3,13
9,8/16/2023,29.8,66,613,6.3,14
9,8/17/2023,29.6,63,613,6.7,15
9,8/18/2023,30.9,79,569,6.4,16
9,8/19/2023,30.8,73,610,6.5,17
9,8/20/2023,30.9,57,746,6.2,18
9,8/21/2023,30.2,66,607,6.1,19
9,8/22/2023,30.5,71,464,6.3,20
9,8/23/2023,30.8,70,474,6.1,21
9,8/24/2023,31.3,59,461,6.1,22
9,8/25/2023,31.4,61,667,6.2,23
9,8/26/2023,31.4,69,721,6.1,24
9,8/27/2023,30.1,50,775,6.6,25
9,8/28/2023,29.4,74,445,6.1,26
9,8/29/2023,28.7,78,635,6.5,27
9,8/30/2023,29.1,73,684,6.7,28
9,8/31/2023,29.2,54,784,6,29
9,9/1/2023,31.7,66,597,6.1,30
9,9/2/2023,31.7,77,501,6.4,31
9,9/3/2023,31.7,55,490,6.4,32
9,9/4/2023,31.7,55,468,6.2,33
9,9/5/2023,32,66,680,6.4,34
9,9/6/2023,32.1,70,561,6.7,35
9,9/7/2023,31.5,54,697,6,36
9,9/8/2023,29.8,61,629,6.7,37
9,9/9/2023,20.1,66,644,6.4,38
9,9/10/2023,31.1,69,726,6.7,39
9,9/11/2023,31.2,65,573,6.2,40
9,9/12/2023,31.2,80,793,6.6,41
9,9/13/2023,30.4,51,663,6.5,42
9,9/14/2023,29.1,67,516,6.3,43
9,9/15/2023,30.6,58,455,6.7,44
9,9/16/2023,31.5,78,722,6.1,45
9,9/17/2023,31.3,66,505,6.2,46
10,8/3/2023,33.4,66,503,6.5,1
10,8/4/2023,33.5,58,414,6.5,2
10,8/5/2023,33.4,76,679,6.1,3
10,8/6/2023,33.4,56,607,6.4,4
10,8/7/2023,33.4,53,527,6.3,5
10,8/8/2023,32.3,75,658,6.3,6
10,8/9/2023,32.3,72,623,6.7,7
10,8/10/2023,22.7,74,778,6.6,8
10,8/11/2023,31.9,67,512,6.4,9
10,8/12/2023,30.2,60,800,6.7,10
10,8/13/2023,30.1,52,471,6.2,11
10,8/14/2023,30.1,62,552,6.8,12
10,8/15/2023,30.1,74,701,6.6,13
10,8/16/2023,29.8,51,594,6.5,14
10,8/17/2023,29.6,73,419,6.2,15
10,8/18/2023,30.9,73,579,6.1,16
10,8/19/2023,30.8,50,493,6,17
10,8/20/2023,30.9,53,721,6.4,18
10,8/21/2023,30.2,77,778,6.2,19
10,8/22/2023,30.5,67,668,6.8,20
10,8/23/2023,30.8,57,609,6.6,21
10,8/24/2023,31.3,64,746,6.3,22
10,8/25/2023,31.4,79,725,6.2,23
10,8/26/2023,31.4,60,593,6.3,24
10,8/27/2023,30.1,77,560,6.5,25
10,8/28/2023,29.4,74,597,6.6,26
10,8/29/2023,28.7,56,613,6.6,27
10,8/30/2023,29.1,59,704,6.5,28
10,8/31/2023,29.2,54,585,6.5,29
10,9/1/2023,31.7,59,616,6.1,30
10,9/2/2023,31.7,78,697,6.4,31
10,9/3/2023,31.7,71,623,6.1,32
10,9/4/2023,31.7,69,649,6.4,33
10,9/5/2023,32,72,440,6.2,34
10,9/6/2023,32.1,72,469,6.3,35
10,9/7/2023,31.5,72,603,6.4,36
10,9/8/2023,29.8,57,440,6.6,37
10,9/9/2023,20.1,69,648,6.7,38
10,9/10/2023,31.1,68,538,6.7,39
10,9/11/2023,31.2,71,586,6.1,40
10,9/12/2023,31.2,58,794,6.6,41
10,9/13/2023,30.4,69,674,6.3,42
10,9/14/2023,29.1,63,782,6.5,43
10,9/15/2023,30.6,78,578,6.3,44
10,9/16/2023,31.5,67,638,6.2,45
11,8/3/2023,33.4,57,695,6.1,1
11,8/4/2023,33.5,63,706,6.6,2
11,8/5/2023,33.4,63,716,6.6,3
11,8/6/2023,33.4,50,734,6.4,4
11,8/7/2023,33.4,55,431,6.2,5
11,8/8/2023,32.3,54,730,6.7,6
11,8/9/2023,32.3,69,529,6.3,7
11,8/10/2023,22.7,56,489,6.4,8
11,8/11/2023,31.9,58,514,6.2,9
11,8/12/2023,30.2,51,752,6.2,10
11,8/13/2023,30.1,74,557,6.2,11
11,8/14/2023,30.1,50,620,6.1,12
11,8/15/2023,30.1,64,511,6.5,13
11,8/16/2023,29.8,74,462,6.6,14
11,8/17/2023,29.6,75,760,6.4,15
11,8/18/2023,30.9,80,704,6.6,16
11,8/19/2023,30.8,76,466,6.1,17
11,8/20/2023,30.9,61,565,6.4,18
11,8/21/2023,30.2,75,602,6.2,19
11,8/22/2023,30.5,71,602,6.7,20
11,8/23/2023,30.8,53,537,6.7,21
11,8/24/2023,31.3,76,620,6.6,22
11,8/25/2023,31.4,75,539,6.5,23
11,8/26/2023,31.4,79,509,6.3,24
11,8/27/2023,30.1,76,489,6.3,25
11,8/28/2023,29.4,52,589,6.1,26
11,8/29/2023,28.7,72,695,6.5,27
11,8/30/2023,29.1,69,421,6.1,28
11,8/31/2023,29.2,62,402,6.7,29
11,9/1/2023,31.7,55,765,6.5,30
11,9/2/2023,31.7,67,473,6.7,31
11,9/3/2023,31.7,54,749,6.3,32
11,9/4/2023,31.7,76,452,6.3,33
11,9/5/2023,32,63,539,6.6,34
11,9/6/2023,32.1,56,519,6.7,35
11,9/7/2023,31.5,80,424,6.6,36
11,9/8/2023,29.8,57,476,6.3,37
11,9/9/2023,20.1,50,662,6,38
11,9/10/2023,31.1,67,552,6.5,39
11,9/11/2023,31.2,52,671,6.4,40
11,9/12/2023,31.2,66,402,6.6,41
11,9/13/2023,30.4,60,690,6.3,42
11,9/14/2023,29.1,55,660,6.3,43
11,9/15/2023,30.6,63,692,6.1,44
11,9/16/2023,31.5,79,508,6.5,45
11,9/17/2023,32.1,62,589,6.4,46
11,9/18/2023,31.2,75,519,6.3,47
12,8/3/2023,33.4,77,611,6.2,1
12,8/4/2023,33.5,58,442,6.7,2
12,8/5/2023,33.4,75,756,6.6,3
12,8/6/2023,33.4,60,732,6.1,4
12,8/7/2023,33.4,71,640,6.3,5
12,8/8/2023,32.3,71,515,6.6,6
12,8/9/2023,32.3,60,435,6.4,7
12,8/10/2023,22.7,58,517,6.2,8
12,8/11/2023,31.9,55,602,6.2,9
12,8/12/2023,30.2,51,711,6,10
12,8/13/2023,30.1,59,712,6.1,11
12,8/14/2023,30.1,64,529,6.8,12
12,8/15/2023,30.1,53,791,6.8,13
12,8/16/2023,29.8,78,710,6.6,14
12,8/17/2023,29.6,70,497,6.3,15
12,8/18/2023,30.9,59,585,6.6,16
12,8/19/2023,30.8,62,742,6.7,17
12,8/20/2023,30.9,70,628,6.7,18
12,8/21/2023,30.2,58,595,6.5,19
12,8/22/2023,30.5,54,463,6.1,20
12,8/23/2023,30.8,72,450,6.7,21
12,8/24/2023,31.3,71,485,6,22
12,8/25/2023,31.4,73,501,6.2,23
12,8/26/2023,31.4,72,483,6.6,24
12,8/27/2023,30.1,73,598,6.5,25
12,8/28/2023,29.4,63,682,6.5,26
12,8/29/2023,28.7,66,577,6.1,27
12,8/30/2023,29.1,72,497,6.6,28
12,8/31/2023,29.2,78,756,6.1,29
12,9/1/2023,31.7,75,467,6.4,30
12,9/2/2023,31.7,60,450,6.1,31
12,9/3/2023,31.7,74,591,6.2,32
12,9/4/2023,31.7,73,693,6.5,33
12,9/5/2023,32,75,467,6.7,34
12,9/6/2023,32.1,55,537,6,35
12,9/7/2023,31.5,69,630,6.4,36
12,9/8/2023,29.8,58,612,6.8,37
12,9/9/2023,20.1,58,752,6.2,38
12,9/10/2023,31.1,73,435,6.3,39
12,9/11/2023,31.2,60,616,6.5,40
12,9/12/2023,31.2,64,438,6,41
12,9/13/2023,30.4,56,507,6.4,42
12,9/14/2023,29.1,51,423,6.5,43
12,9/15/2023,30.6,71,538,6.4,44
12,9/16/2023,31.5,72,735,6,45
13,8/3/2023,33.4,59,544,6.8,1
13,8/4/2023,33.5,52,452,6.2,2
13,8/5/2023,33.4,71,789,6.2,3
13,8/6/2023,33.4,63,583,6.5,4
13,8/7/2023,33.4,77,657,6.5,5
13,8/8/2023,32.3,67,435,6.3,6
13,8/9/2023,32.3,72,459,6.1,7
13,8/10/2023,22.7,54,663,6.6,8
13,8/11/2023,31.9,73,415,6.3,9
13,8/12/2023,30.2,73,546,6.8,10
13,8/13/2023,30.1,77,696,6.1,11
13,8/14/2023,30.1,56,656,6.6,12
13,8/15/2023,30.1,73,476,6.3,13
13,8/16/2023,29.8,75,739,6.7,14
13,8/17/2023,29.6,71,772,6.3,15
13,8/18/2023,30.9,51,692,6.7,16
13,8/19/2023,30.8,52,565,6.3,17
13,8/20/2023,30.9,65,463,6.4,18
13,8/21/2023,30.2,63,458,6.2,19
13,8/22/2023,30.5,66,693,6.2,20
13,8/23/2023,30.8,68,667,6.5,21
13,8/24/2023,31.3,55,490,6.8,22
13,8/25/2023,31.4,52,486,6.7,23
13,8/26/2023,31.4,73,626,6.5,24
13,8/27/2023,30.1,53,740,6.7,25
13,8/28/2023,29.4,60,539,6.1,26
13,8/29/2023,28.7,57,475,6.5,27
13,8/30/2023,29.1,75,719,6.4,28
13,8/31/2023,29.2,59,492,6.7,29
13,9/1/2023,31.7,77,425,6.8,30
13,9/2/2023,31.7,77,626,6.2,31
13,9/3/2023,31.7,56,509,6.5,32
13,9/4/2023,31.7,69,518,6,33
13,9/5/2023,32,71,744,6.2,34
13,9/6/2023,32.1,64,416,6.6,35
13,9/7/2023,31.5,52,724,6.8,36
13,9/8/2023,29.8,62,423,6.8,37
13,9/9/2023,20.1,78,419,6.4,38
13,9/10/2023,31.1,50,653,6.6,39
13,9/11/2023,31.2,71,589,6.7,40
13,9/12/2023,31.2,51,724,6.3,41
13,9/13/2023,30.4,65,415,6.1,42
13,9/14/2023,29.1,66,609,6.2,43
13,9/15/2023,30.6,57,475,6.1,44
13,9/16/2023,31.5,69,732,6.5,45
14,8/3/2023,33.4,56,535,6.2,1
14,8/4/2023,33.5,76,664,6,2
14,8/5/2023,33.4,59,498,6.3,3
14,8/6/2023,33.4,63,511,6.6,4
14,8/7/2023,33.4,53,589,6.3,5
14,8/8/2023,32.3,51,574,6.7,6
14,8/9/2023,32.3,61,522,6.3,7
14,8/10/2023,22.7,68,714,6.6,8
14,8/11/2023,31.9,76,630,6.7,9
14,8/12/2023,30.2,78,514,6.7,10
14,8/13/2023,30.1,75,602,6,11
14,8/14/2023,30.1,75,769,6.5,12
14,8/15/2023,30.1,69,501,6.1,13
14,8/16/2023,29.8,52,798,6.6,14
14,8/17/2023,29.6,80,455,6.3,15
14,8/18/2023,30.9,57,719,6.1,16
14,8/19/2023,30.8,65,453,6.4,17
14,8/20/2023,30.9,63,652,6.6,18
14,8/21/2023,30.2,66,409,6.4,19
14,8/22/2023,30.5,56,651,6.5,20
14,8/23/2023,30.8,55,466,6,21
14,8/24/2023,31.3,66,498,6.2,22
14,8/25/2023,31.4,65,645,6.3,23
14,8/26/2023,31.4,58,637,6.2,24
14,8/27/2023,30.1,55,743,6.4,25
14,8/28/2023,29.4,65,573,6.2,26
14,8/29/2023,28.7,66,522,6.5,27
14,8/30/2023,29.1,77,413,6.4,28
14,8/31/2023,29.2,73,505,6,29
14,9/1/2023,31.7,54,448,6.5,30
14,9/2/2023,31.7,51,472,6.4,31
14,9/3/2023,31.7,63,710,6.3,32
14,9/4/2023,31.7,67,698,6.4,33
14,9/5/2023,32,75,683,6.7,34
14,9/6/2023,32.1,66,434,6.3,35
14,9/7/2023,31.5,57,642,6.4,36
14,9/8/2023,29.8,56,550,6.4,37
14,9/9/2023,20.1,64,590,6.4,38
14,9/10/2023,31.1,69,536,6,39
14,9/11/2023,31.2,73,465,6.4,40
14,9/12/2023,31.2,53,795,6.4,41
14,9/13/2023,30.4,76,449,6.3,42
14,9/14/2023,29.1,61,764,6.4,43
14,9/15/2023,30.6,57,645,6.1,44
14,9/16/2023,31.5,75,663,6.5,45
15,8/3/2023,33.4,61,555,6.1,1
15,8/4/2023,33.5,57,584,6.3,2
15,8/5/2023,33.4,56,590,6.7,3
15,8/6/2023,33.4,63,782,6.7,4
15,8/7/2023,33.4,73,767,6.4,5
15,8/8/2023,32.3,61,459,6,6
15,8/9/2023,32.3,71,741,6.2,7
15,8/10/2023,22.7,58,724,6.5,8
15,8/11/2023,31.9,79,779,6.5,9
15,8/12/2023,30.2,54,743,6.1,10
15,8/13/2023,30.1,77,509,6,11
15,8/14/2023,30.1,55,770,6.1,12
15,8/15/2023,30.1,57,490,6.5,13
15,8/16/2023,29.8,58,409,6.3,14
15,8/17/2023,29.6,59,734,6.5,15
15,8/18/2023,30.9,58,587,6.5,16
15,8/19/2023,30.8,80,501,6.5,17
15,8/20/2023,30.9,53,513,6.5,18
15,8/21/2023,30.2,69,493,6,19
15,8/22/2023,30.5,80,578,6.3,20
15,8/23/2023,30.8,74,609,6.4,21
15,8/24/2023,31.3,60,590,6.2,22
15,8/25/2023,31.4,55,539,6.8,23
15,8/26/2023,31.4,63,759,6.1,24
15,8/27/2023,30.1,52,663,6.6,25
15,8/28/2023,29.4,53,587,6.6,26
15,8/29/2023,28.7,54,474,6.5,27
15,8/30/2023,29.1,75,543,6.1,28
15,8/31/2023,29.2,78,518,6.6,29
15,9/1/2023,31.7,51,725,6.2,30
15,9/2/2023,31.7,73,559,6.6,31
15,9/3/2023,31.7,65,619,6.7,32
15,9/4/2023,31.7,72,415,6.8,33
15,9/5/2023,32,73,714,6.5,34
15,9/6/2023,32.1,75,427,6.3,35
15,9/7/2023,31.5,52,501,6,36
15,9/8/2023,29.8,73,584,6.6,37
15,9/9/2023,20.1,50,556,6,38
15,9/10/2023,31.1,53,604,6.8,39
15,9/11/2023,31.2,62,402,6.8,40
15,9/12/2023,31.2,61,403,6.6,41
15,9/13/2023,30.4,75,561,6.1,42
15,9/14/2023,29.1,68,420,6.6,43
15,9/15/2023,30.6,60,708,6,44
15,9/16/2023,31.5,57,783,6.7,45
16,8/3/2023,33.4,50,769,6.7,1
16,8/4/2023,33.5,64,794,6.1,2
16,8/5/2023,33.4,71,533,6.8,3
16,8/6/2023,33.4,56,588,6,4
16,8/7/2023,33.4,68,554,6.6,5
16,8/8/2023,32.3,70,482,6.1,6
16,8/9/2023,32.3,58,779,6.3,7
16,8/10/2023,22.7,80,503,6.1,8
16,8/11/2023,31.9,68,692,6.5,9
16,8/12/2023,30.2,68,454,6.4,10
16,8/13/2023,30.1,62,477,6.6,11
16,8/14/2023,30.1,67,737,6.4,12
16,8/15/2023,30.1,67,454,6.7,13
16,8/16/2023,29.8,71,654,6.2,14
16,8/17/2023,29.6,64,439,6.1,15
16,8/18/2023,30.9,58,794,6.5,16
16,8/19/2023,30.8,66,454,6.7,17
16,8/20/2023,30.9,69,402,6.5,18
16,8/21/2023,30.2,64,426,6.6,19
16,8/22/2023,30.5,80,515,6.8,20
16,8/23/2023,30.8,79,513,6.8,21
16,8/24/2023,31.3,54,738,6.8,22
16,8/25/2023,31.4,68,682,6.2,23
16,8/26/2023,31.4,67,462,6,24
16,8/27/2023,30.1,51,626,6.1,25
16,8/28/2023,29.4,50,502,6.8,26
16,8/29/2023,28.7,65,553,6.4,27
16,8/30/2023,29.1,70,755,6.5,28
16,8/31/2023,29.2,64,662,6.4,29
16,9/1/2023,31.7,50,771,6,30
16,9/2/2023,31.7,67,793,6.5,31
16,9/3/2023,31.7,62,657,6.4,32
16,9/4/2023,31.7,62,659,6.8,33
16,9/5/2023,32,53,522,6.1,34
16,9/6/2023,32.1,65,627,6.2,35
16,9/7/2023,31.5,55,423,6.4,36
16,9/8/2023,29.8,69,403,6.7,37
16,9/9/2023,20.1,76,409,6.6,38
16,9/10/2023,31.1,54,645,6.3,39
16,9/11/2023,31.2,65,572,6.5,40
16,9/12/2023,31.2,80,732,6.6,41
16,9/13/2023,30.4,68,701,6.7,42
16,9/14/2023,29.1,75,564,6.1,43
16,9/15/2023,30.6,52,703,6.5,44
16,9/16/2023,31.5,79,742,6.4,45
16,9/17/2023,30.9,65,651,6,46
17,8/3/2023,33.4,58,631,6.6,1
17,8/4/2023,33.5,66,627,6.2,2
17,8/5/2023,33.4,77,491,6.4,3
17,8/6/2023,33.4,62,647,6.1,4
17,8/7/2023,33.4,61,505,6.6,5
17,8/8/2023,32.3,55,617,6,6
17,8/9/2023,32.3,71,552,6.5,7
17,8/10/2023,22.7,67,744,6.3,8
17,8/11/2023,31.9,58,735,6.1,9
17,8/12/2023,30.2,58,462,6,10
17,8/13/2023,30.1,51,798,6.5,11
17,8/14/2023,30.1,55,737,6.6,12
17,8/15/2023,30.1,73,607,6.2,13
17,8/16/2023,29.8,58,543,6.2,14
17,8/17/2023,29.6,58,587,6.3,15
17,8/18/2023,30.9,79,672,6.7,16
17,8/19/2023,30.8,52,595,6.8,17
17,8/20/2023,30.9,80,716,6.7,18
17,8/21/2023,30.2,57,736,6.3,19
17,8/22/2023,30.5,58,542,6.6,20
17,8/23/2023,30.8,58,625,6.8,21
17,8/24/2023,31.3,65,765,6.5,22
17,8/25/2023,31.4,75,552,6.1,23
17,8/26/2023,31.4,70,416,6.6,24
17,8/27/2023,30.1,66,697,6.6,25
17,8/28/2023,29.4,73,762,6.5,26
17,8/29/2023,28.7,69,598,6.1,27
17,8/30/2023,29.1,80,632,6.5,28
17,8/31/2023,29.2,50,728,6.3,29
17,9/1/2023,31.7,73,657,6.3,30
17,9/2/2023,31.7,65,406,6.1,31
17,9/3/2023,31.7,53,461,6.3,32
17,9/4/2023,31.7,68,424,6.6,33
17,9/5/2023,32,58,743,6.1,34
17,9/6/2023,32.1,67,672,6.6,35
17,9/7/2023,31.5,73,400,6.8,36
17,9/8/2023,29.8,78,732,6.5,37
17,9/9/2023,20.1,62,472,6.1,38
17,9/10/2023,31.1,68,648,6,39
17,9/11/2023,31.2,72,786,6.3,40
17,9/12/2023,31.2,61,482,6.6,41
17,9/13/2023,30.4,60,716,6.3,42
17,9/14/2023,29.1,57,743,6.6,43
17,9/15/2023,30.6,75,575,6.3,44
17,9/16/2023,31.5,61,710,6.6,45
18,8/3/2023,33.4,78,623,6.2,1
18,8/4/2023,33.5,73,463,6.4,2
18,8/5/2023,33.4,61,440,6.3,3
18,8/6/2023,33.4,55,451,6.5,4
18,8/7/2023,33.4,51,798,6.6,5
18,8/8/2023,32.3,58,556,6.5,6
18,8/9/2023,32.3,67,794,6,7
18,8/10/2023,22.7,53,653,6,8
18,8/11/2023,31.9,76,407,6.7,9
18,8/12/2023,30.2,52,478,6.8,10
18,8/13/2023,30.1,54,528,6.5,11
18,8/14/2023,30.1,67,769,6.4,12
18,8/15/2023,30.1,52,723,6.1,13
18,8/16/2023,29.8,69,688,6,14
18,8/17/2023,29.6,62,479,6.1,15
18,8/18/2023,30.9,50,408,6,16
18,8/19/2023,30.8,80,489,6.2,17
18,8/20/2023,30.9,60,630,6.2,18
18,8/21/2023,30.2,57,540,6.4,19
18,8/22/2023,30.5,69,413,6.1,20
18,8/23/2023,30.8,74,505,6.3,21
18,8/24/2023,31.3,73,414,6.6,22
18,8/25/2023,31.4,64,448,6.4,23
18,8/26/2023,31.4,55,660,6.6,24
18,8/27/2023,30.1,69,757,6.8,25
18,8/28/2023,29.4,66,544,6.1,26
18,8/29/2023,28.7,59,699,6.8,27
18,8/30/2023,29.1,70,637,6.4,28
18,8/31/2023,29.2,73,772,6.6,29
18,9/1/2023,31.7,78,746,6.2,30
18,9/2/2023,31.7,67,579,6.3,31
18,9/3/2023,31.7,64,740,6.1,32
18,9/4/2023,31.7,68,442,6.6,33
18,9/5/2023,32,60,730,6.5,34
18,9/6/2023,32.1,73,423,6.2,35
18,9/7/2023,31.5,75,493,6.2,36
18,9/8/2023,29.8,75,587,6.1,37
18,9/9/2023,20.1,77,404,6.4,38
18,9/10/2023,31.1,61,408,6.5,39
18,9/11/2023,31.2,70,555,6.3,40
18,9/12/2023,31.2,78,440,6.5,41
18,9/13/2023,30.4,59,501,6,42
18,9/14/2023,29.1,76,750,6.6,43
18,9/15/2023,30.6,51,491,6.5,44
18,9/16/2023,31.5,78,705,6.8,45
19,8/3/2023,33.4,51,492,6.3,1
19,8/4/2023,33.5,74,552,6.5,2
19,8/5/2023,33.4,72,646,6.1,3
19,8/6/2023,33.4,80,405,6.8,4
19,8/7/2023,33.4,65,661,6.3,5
19,8/8/2023,32.3,63,651,6.5,6
19,8/9/2023,32.3,72,747,6.1,7
19,8/10/2023,22.7,75,693,6.5,8
19,8/11/2023,31.9,59,486,6.7,9
19,8/12/2023,30.2,79,486,6.8,10
19,8/13/2023,30.1,59,655,6.6,11
19,8/14/2023,30.1,71,503,6.5,12
19,8/15/2023,30.1,71,763,6.3,13
19,8/16/2023,29.8,72,599,6.7,14
19,8/17/2023,29.6,75,587,6.1,15
19,8/18/2023,30.9,63,790,6.7,16
19,8/19/2023,30.8,73,415,6.5,17
19,8/20/2023,30.9,57,708,6.2,18
19,8/21/2023,30.2,64,539,6.3,19
19,8/22/2023,30.5,77,745,6.2,20
19,8/23/2023,30.8,69,515,6.2,21
19,8/24/2023,31.3,69,637,6.7,22
19,8/25/2023,31.4,67,455,6.7,23
19,8/26/2023,31.4,78,576,6.5,24
19,8/27/2023,30.1,68,606,6,25
19,8/28/2023,29.4,80,623,6.4,26
19,8/29/2023,28.7,76,498,6.2,27
19,8/30/2023,29.1,75,411,6.6,28
19,8/31/2023,29.2,72,789,6.1,29
19,9/1/2023,31.7,50,459,6.4,30
19,9/2/2023,31.7,60,401,6.5,31
19,9/3/2023,31.7,53,583,6.1,32
19,9/4/2023,31.7,76,434,6.8,33
19,9/5/2023,32,76,563,6.6,34
19,9/6/2023,32.1,52,497,6.1,35
19,9/7/2023,31.5,61,680,6.2,36
19,9/8/2023,29.8,53,553,6.6,37
19,9/9/2023,20.1,68,611,6.2,38
19,9/10/2023,31.1,64,588,6.2,39
19,9/11/2023,31.2,53,503,6.4,40
19,9/12/2023,31.2,67,449,6,41
19,9/13/2023,30.4,52,417,6.6,42
19,9/14/2023,29.1,51,437,6.1,43
19,9/15/2023,30.6,73,536,6.5,44
19,9/16/2023,31.5,70,571,6.3,45
20,8/3/2023,33.4,56,708,6.1,1
20,8/4/2023,33.5,73,597,6.7,2
20,8/5/2023,33.4,60,483,6.7,3
20,8/6/2023,33.4,66,729,6.7,4
20,8/7/2023,33.4,72,430,6,5
20,8/8/2023,32.3,76,529,6.2,6
20,8/9/2023,32.3,69,767,6.3,7
20,8/10/2023,22.7,57,648,6.4,8
20,8/11/2023,31.9,50,592,6.6,9
20,8/12/2023,30.2,60,702,6.7,10
20,8/13/2023,30.1,72,747,6.5,11
20,8/14/2023,30.1,75,611,6.4,12
20,8/15/2023,30.1,72,562,6,13
20,8/16/2023,29.8,54,693,6,14
20,8/17/2023,29.6,79,626,6.2,15
20,8/18/2023,30.9,61,717,6.4,16
20,8/19/2023,30.8,66,722,6.1,17
20,8/20/2023,30.9,57,621,6.7,18
20,8/21/2023,30.2,61,458,6.7,19
20,8/22/2023,30.5,69,596,6,20
20,8/23/2023,30.8,66,770,6.1,21
20,8/24/2023,31.3,77,405,6.4,22
20,8/25/2023,31.4,76,796,6.8,23
20,8/26/2023,31.4,77,575,6.1,24
20,8/27/2023,30.1,74,415,6.6,25
20,8/28/2023,29.4,60,453,6.3,26
20,8/29/2023,28.7,53,727,6.4,27
20,8/30/2023,29.1,50,494,6.2,28
20,8/31/2023,29.2,52,612,6.8,29
20,9/1/2023,31.7,75,502,6.5,30
20,9/2/2023,31.7,68,742,6.5,31
20,9/3/2023,31.7,54,748,6.4,32
20,9/4/2023,31.7,68,611,6.2,33
20,9/5/2023,32,71,486,6.7,34
20,9/6/2023,32.1,68,607,6.2,35
20,9/7/2023,31.5,71,513,6.4,36
20,9/8/2023,29.8,51,591,6.6,37
20,9/9/2023,20.1,55,441,6.5,38
20,9/10/2023,31.1,74,637,6.2,39
20,9/11/2023,31.2,74,560,6.2,40
20,9/12/2023,31.2,51,588,6.6,41
20,9/13/2023,30.4,72,518,6.1,42
20,9/14/2023,29.1,51,570,6.3,43
20,9/15/2023,30.6,70,505,6.8,44
20,9/16/2023,31.5,57,759,6.6,45
21,8/3/2023,33.4,54,530,6.1,1
21,8/4/2023,33.5,65,626,6.7,2
21,8/5/2023,33.4,80,516,6.5,3
21,8/6/2023,33.4,63,592,6,4
21,8/7/2023,33.4,52,726,6.4,5
21,8/8/2023,32.3,63,443,6.2,6
21,8/9/2023,32.3,72,727,6.4,7
21,8/10/2023,22.7,60,625,6.1,8
21,8/11/2023,31.9,78,510,6.5,9
21,8/12/2023,30.2,67,460,6.6,10
21,8/13/2023,30.1,77,673,6.1,11
21,8/14/2023,30.1,75,504,6.5,12
21,8/15/2023,30.1,76,660,6.2,13
21,8/16/2023,29.8,54,418,6.8,14
21,8/17/2023,29.6,71,514,6.7,15
21,8/18/2023,30.9,53,778,6.4,16
21,8/19/2023,30.8,75,615,6.3,17
21,8/20/2023,30.9,63,785,6.4,18
21,8/21/2023,30.2,74,636,6.7,19
21,8/22/2023,30.5,53,576,6.4,20
21,8/23/2023,30.8,76,501,6.7,21
21,8/24/2023,31.3,59,594,6.1,22
21,8/25/2023,31.4,60,640,6.8,23
21,8/26/2023,31.4,73,553,6.6,24
21,8/27/2023,30.1,59,659,6.7,25
21,8/28/2023,29.4,68,600,6.1,26
21,8/29/2023,28.7,80,500,6.5,27
21,8/30/2023,29.1,55,653,6.2,28
21,8/31/2023,29.2,76,559,6.7,29
21,9/1/2023,31.7,60,511,6.6,30
21,9/2/2023,31.7,66,758,6.2,31
21,9/3/2023,31.7,50,448,6.3,32
21,9/4/2023,31.7,69,620,6.1,33
21,9/5/2023,32,59,686,6.1,34
21,9/6/2023,32.1,62,538,6.2,35
21,9/7/2023,31.5,72,784,6.1,36
21,9/8/2023,29.8,64,550,6.2,37
21,9/9/2023,20.1,70,470,6.4,38
21,9/10/2023,31.1,70,698,6.2,39
21,9/11/2023,31.2,77,610,6.4,40
21,9/12/2023,31.2,50,479,6.4,41
21,9/13/2023,30.4,63,630,6.3,42
21,9/14/2023,29.1,50,661,6.2,43
21,9/15/2023,30.6,76,528,6.4,44
21,9/16/2023,31.5,67,454,6.4,45
22,8/3/2023,33.4,70,620,6.2,1
22,8/4/2023,33.5,63,800,6.5,2
22,8/5/2023,33.4,50,602,6,3
22,8/6/2023,33.4,50,721,6,4
22,8/7/2023,33.4,65,571,6.3,5
22,8/8/2023,32.3,77,631,6.8,6
22,8/9/2023,32.3,70,418,6,7
22,8/10/2023,22.7,50,783,6.1,8
22,8/11/2023,31.9,74,480,6.7,9
22,8/12/2023,30.2,75,771,6.4,10
22,8/13/2023,30.1,64,519,6.7,11
22,8/14/2023,30.1,75,713,6.8,12
22,8/15/2023,30.1,52,405,6.3,13
22,8/16/2023,29.8,72,551,6.1,14
22,8/17/2023,29.6,65,651,6.7,15
22,8/18/2023,30.9,56,734,6.6,16
22,8/19/2023,30.8,67,479,6.7,17
22,8/20/2023,30.9,76,749,6.7,18
22,8/21/2023,30.2,55,678,6,19
22,8/22/2023,30.5,52,534,6.2,20
22,8/23/2023,30.8,64,596,6.6,21
22,8/24/2023,31.3,51,542,6.3,22

